{"cameraMode":{"drawMode":0,"name":"Shaded","section":"Shading Mode"},"sceneLighting":true,"audioPlay":false,"sceneViewState":{"m_AlwaysRefresh":false,"showFog":true,"showSkybox":true,"showFlares":true,"showImageEffects":true,"showParticleSystems":true,"showVisualEffectGraphs":true,"m_FxEnabled":true},"in2DMode":false,"pivot":{"x":48.279117584228519,"y":-0.13636255264282227,"z":33.80802536010742},"rotation":{"x":0.6700149178504944,"y":0.014472619630396366,"z":-0.013067018240690232,"w":0.7420955896377564},"size":7.998806953430176,"orthographic":false}